{
  "mae_t1": 0.0004408596141729504,
  "mae_t2": 0.0006478671566583216,
  "mae_t3": 0.0008706909138709307,
  "mae_t4": 0.0010656713275238872,
  "mae_t5": 0.0013700337149202824,
  "mae_t6": 0.0017016837373375893,
  "mae_t7": 0.0020669270306825638,
  "mae_t8": 0.0024511762894690037,
  "mae_t9": 0.0028534685261547565,
  "mae_t10": 0.003265878651291132,
  "mae_t11": 0.0036900020204484463,
  "mae_t12": 0.004126879386603832,
  "mae_t13": 0.004578474909067154,
  "mae_t14": 0.005044702906161547,
  "mae_t15": 0.005527956411242485,
  "mae_t16": 0.00602773018181324,
  "mae_t17": 0.006536717992275953,
  "mae_t18": 0.007051992695778608,
  "mae_t19": 0.007584396284073591,
  "mae_t20": 0.00813625194132328,
  "mae_t21": 0.008707301691174507,
  "mae_t22": 0.009289851412177086,
  "mae_t23": 0.009889379143714905,
  "mae_t24": 0.010511770844459534,
  "mae_t25": 0.011153430677950382,
  "mae_t26": 0.011817147955298424,
  "mae_t27": 0.012499880976974964,
  "mae_t28": 0.013198108412325382,
  "mae_t29": 0.013912991620600224,
  "mae_t30": 0.014651658944785595,
  "mae_mean": 0.6355695892125368,
  "mae_min": 0.04408596141729504,
  "mae_max": 1.4651658944785595,
  "mae_std": 0.4311974626034498,
  "coverage_t1": 0.9990458015267175,
  "coverage_t2": 0.9775763358778626,
  "coverage_t3": 0.9548346055979644,
  "coverage_t4": 0.9421119592875318,
  "coverage_t5": 0.9314567430025446,
  "coverage_t6": 0.9279580152671756,
  "coverage_t7": 0.9209605597964376,
  "coverage_t8": 0.9145992366412213,
  "coverage_t9": 0.910941475826972,
  "coverage_t10": 0.9085559796437659,
  "coverage_t11": 0.912531806615776,
  "coverage_t12": 0.912531806615776,
  "coverage_t13": 0.9120547073791349,
  "coverage_t14": 0.9103053435114504,
  "coverage_t15": 0.905852417302799,
  "coverage_t16": 0.9036259541984732,
  "coverage_t17": 0.9013994910941476,
  "coverage_t18": 0.8993320610687023,
  "coverage_t19": 0.8986959287531806,
  "coverage_t20": 0.897264631043257,
  "coverage_t21": 0.8939249363867684,
  "coverage_t22": 0.8920165394402035,
  "coverage_t23": 0.8944020356234097,
  "coverage_t24": 0.8951972010178118,
  "coverage_t25": 0.8939249363867684,
  "coverage_t26": 0.8931297709923665,
  "coverage_t27": 0.8910623409669212,
  "coverage_t28": 0.8918575063613231,
  "coverage_t29": 0.8928117048346056,
  "coverage_t30": 0.892175572519084,
  "coverage_mean": 0.9124045801526717,
  "coverage_min": 0.8910623409669212,
  "coverage_max": 0.9990458015267175,
  "coverage_std": 0.025646055164194687,
  "coverage_satisfied": 0,
  "miw_t1": 0.00700390012934804,
  "miw_t2": 0.004547910764813423,
  "miw_t3": 0.004783532116562128,
  "miw_t4": 0.005716220010071993,
  "miw_t5": 0.006890180520713329,
  "miw_t6": 0.008185806684195995,
  "miw_t7": 0.009548286907374859,
  "miw_t8": 0.011012932285666466,
  "miw_t9": 0.01261475495994091,
  "miw_t10": 0.014399786479771137,
  "miw_t11": 0.01634533889591694,
  "miw_t12": 0.018359137699007988,
  "miw_t13": 0.02033049985766411,
  "miw_t14": 0.022213231772184372,
  "miw_t15": 0.02405107393860817,
  "miw_t16": 0.02594367414712906,
  "miw_t17": 0.027954742312431335,
  "miw_t18": 0.030049923807382584,
  "miw_t19": 0.0321383997797966,
  "miw_t20": 0.0341910757124424,
  "miw_t21": 0.03629489988088608,
  "miw_t22": 0.03857423737645149,
  "miw_t23": 0.04105100408196449,
  "miw_t24": 0.04360748827457428,
  "miw_t25": 0.04611685872077942,
  "miw_t26": 0.04857764020562172,
  "miw_t27": 0.05112861096858978,
  "miw_t28": 0.05394704267382622,
  "miw_t29": 0.057055454701185226,
  "miw_t30": 0.06016357243061066,
  "miw_mean": 2.709323912858963,
  "miw_min": 0.4547910764813423,
  "miw_max": 6.016357243061066,
  "miw_std": 1.7053183168172836,
  "interval_score_t1": 0.007034650072455406,
  "interval_score_t2": 0.004912591073662043,
  "interval_score_t3": 0.005655004642903805,
  "interval_score_t4": 0.007155940867960453,
  "interval_score_t5": 0.008942759595811367,
  "interval_score_t6": 0.010960593819618225,
  "interval_score_t7": 0.013232187367975712,
  "interval_score_t8": 0.015610950998961926,
  "interval_score_t9": 0.01803656853735447,
  "interval_score_t10": 0.020453110337257385,
  "interval_score_t11": 0.022832052782177925,
  "interval_score_t12": 0.025258144363760948,
  "interval_score_t13": 0.02772384136915207,
  "interval_score_t14": 0.030229350551962852,
  "interval_score_t15": 0.03282690420746803,
  "interval_score_t16": 0.03549724444746971,
  "interval_score_t17": 0.038322433829307556,
  "interval_score_t18": 0.04124043881893158,
  "interval_score_t19": 0.044219665229320526,
  "interval_score_t20": 0.04728503152728081,
  "interval_score_t21": 0.050428953021764755,
  "interval_score_t22": 0.05363086611032486,
  "interval_score_t23": 0.056931935250759125,
  "interval_score_t24": 0.06034243479371071,
  "interval_score_t25": 0.06385279446840286,
  "interval_score_t26": 0.0674477219581604,
  "interval_score_t27": 0.07110079377889633,
  "interval_score_t28": 0.07482713460922241,
  "interval_score_t29": 0.07864931970834732,
  "interval_score_t30": 0.08255260437726974,
  "interval_score_mean": 3.723979741334915,
  "interval_score_min": 0.49125910736620426,
  "interval_score_max": 8.255260437726974,
  "interval_score_std": 2.383171208202839,
  "experiment_name": "Exp10: GRU-QR + \u7b56\u75655-\u4e0d\u786e\u5b9a\u6027+PCGrad",
  "model_type": "gru_qr",
  "loss_strategy": "uncertainty_pcgrad",
  "use_cqr": false,
  "train_time_seconds": 2481.443103790283,
  "num_parameters": 745924,
  "1s_mae": 0.1673425897024572,
  "1s_coverage": 0.9388040712468193,
  "1s_miw": 0.8470331318676472,
  "1s_interval_score": 1.1199436150491238,
  "2s_mae": 0.5830512382090092,
  "2s_coverage": 0.9053594147582698,
  "2s_miw": 2.5157704949378967,
  "2s_interval_score": 3.454349935054779,
  "3s_mae": 1.1563153937458992,
  "3s_coverage": 0.8930502544529262,
  "3s_miw": 4.765170440077782,
  "3s_interval_score": 6.597648561000824
}