{
  "alpha_env": [
    [
      0.8582992553710938,
      -0.26267561316490173,
      0.09812939912080765,
      -2.043646054517012e-05
    ]
  ],
  "alpha_bias": [
    0.729248046875
  ],
  "w_env_base": 1.0,
  "w_env_delta": 0.0,
  "w_ind_base": 1.0,
  "w_ind_delta": 0.0
}