{
  "alpha_env": [
    [
      0.9498116374015808,
      -0.058360639959573746,
      0.08311201632022858,
      -3.2860125998013245e-07
    ]
  ],
  "alpha_bias": [
    0.6617798209190369
  ],
  "w_env_base": 1.0,
  "w_env_delta": 0.0,
  "w_ind_base": 1.0,
  "w_ind_delta": 0.0
}