{
  "mae_t1": 0.00039200298488140106,
  "mae_t2": 0.0005967304459773004,
  "mae_t3": 0.0008740991470403969,
  "mae_t4": 0.0010628972668200731,
  "mae_t5": 0.0013746849726885557,
  "mae_t6": 0.0017287780065089464,
  "mae_t7": 0.002108201151713729,
  "mae_t8": 0.0025127874687314034,
  "mae_t9": 0.0029286209028214216,
  "mae_t10": 0.003354310989379883,
  "mae_t11": 0.0037919122260063887,
  "mae_t12": 0.004242751281708479,
  "mae_t13": 0.004703073296695948,
  "mae_t14": 0.005178060848265886,
  "mae_t15": 0.005667104851454496,
  "mae_t16": 0.006171521730720997,
  "mae_t17": 0.006685763131827116,
  "mae_t18": 0.00721089169383049,
  "mae_t19": 0.007754586637020111,
  "mae_t20": 0.008319929242134094,
  "mae_t21": 0.008905332535505295,
  "mae_t22": 0.009503806941211224,
  "mae_t23": 0.010118212550878525,
  "mae_t24": 0.010748826898634434,
  "mae_t25": 0.01139724813401699,
  "mae_t26": 0.012069704942405224,
  "mae_t27": 0.012761897407472134,
  "mae_t28": 0.01346846204251051,
  "mae_t29": 0.01418805681169033,
  "mae_t30": 0.014934398233890533,
  "mae_mean": 0.649182079359889,
  "mae_min": 0.039200298488140106,
  "mae_max": 1.4934398233890533,
  "mae_std": 0.4407730419188738,
  "coverage_t1": 0.9982506361323156,
  "coverage_t2": 0.9578562340966921,
  "coverage_t3": 0.9354325699745547,
  "coverage_t4": 0.9298664122137404,
  "coverage_t5": 0.9214376590330788,
  "coverage_t6": 0.9153944020356234,
  "coverage_t7": 0.91014631043257,
  "coverage_t8": 0.9063295165394402,
  "coverage_t9": 0.9045801526717557,
  "coverage_t10": 0.9026717557251909,
  "coverage_t11": 0.9053753180661578,
  "coverage_t12": 0.9064885496183206,
  "coverage_t13": 0.9039440203562341,
  "coverage_t14": 0.8993320610687023,
  "coverage_t15": 0.8959923664122137,
  "coverage_t16": 0.8958333333333334,
  "coverage_t17": 0.8942430025445293,
  "coverage_t18": 0.8947201017811705,
  "coverage_t19": 0.8940839694656488,
  "coverage_t20": 0.892175572519084,
  "coverage_t21": 0.8883587786259542,
  "coverage_t22": 0.8894720101781171,
  "coverage_t23": 0.8905852417302799,
  "coverage_t24": 0.8918575063613231,
  "coverage_t25": 0.8912213740458015,
  "coverage_t26": 0.8901081424936387,
  "coverage_t27": 0.8875636132315522,
  "coverage_t28": 0.8874045801526718,
  "coverage_t29": 0.8888358778625954,
  "coverage_t30": 0.8867684478371501,
  "coverage_mean": 0.905210983884648,
  "coverage_min": 0.8867684478371501,
  "coverage_max": 0.9982506361323156,
  "coverage_std": 0.02357113034663167,
  "coverage_satisfied": 0,
  "miw_t1": 0.005485126283019781,
  "miw_t2": 0.0037185330875217915,
  "miw_t3": 0.004370494280010462,
  "miw_t4": 0.0053445277735590935,
  "miw_t5": 0.006556336767971516,
  "miw_t6": 0.007893498986959457,
  "miw_t7": 0.009323004633188248,
  "miw_t8": 0.010856112465262413,
  "miw_t9": 0.012532896362245083,
  "miw_t10": 0.014382733963429928,
  "miw_t11": 0.01636345498263836,
  "miw_t12": 0.01836191676557064,
  "miw_t13": 0.020265452563762665,
  "miw_t14": 0.02205919288098812,
  "miw_t15": 0.023856228217482567,
  "miw_t16": 0.025800462812185287,
  "miw_t17": 0.02793429233133793,
  "miw_t18": 0.030165545642375946,
  "miw_t19": 0.03235511854290962,
  "miw_t20": 0.0344461053609848,
  "miw_t21": 0.03654025122523308,
  "miw_t22": 0.038814738392829895,
  "miw_t23": 0.041321758180856705,
  "miw_t24": 0.04392652586102486,
  "miw_t25": 0.046472907066345215,
  "miw_t26": 0.04897923767566681,
  "miw_t27": 0.05165046080946922,
  "miw_t28": 0.054662082344293594,
  "miw_t29": 0.057873547077178955,
  "miw_t30": 0.06072273105382919,
  "miw_mean": 2.7101175859570503,
  "miw_min": 0.37185330875217915,
  "miw_max": 6.072273105382919,
  "miw_std": 1.7437368631362915,
  "interval_score_t1": 0.005522537976503372,
  "interval_score_t2": 0.004298627842217684,
  "interval_score_t3": 0.005520538426935673,
  "interval_score_t4": 0.0070280469954013824,
  "interval_score_t5": 0.008849496953189373,
  "interval_score_t6": 0.010916946455836296,
  "interval_score_t7": 0.01326286792755127,
  "interval_score_t8": 0.01573268324136734,
  "interval_score_t9": 0.018228190019726753,
  "interval_score_t10": 0.020690375939011574,
  "interval_score_t11": 0.023088671267032623,
  "interval_score_t12": 0.02546529844403267,
  "interval_score_t13": 0.02792971394956112,
  "interval_score_t14": 0.030476000159978867,
  "interval_score_t15": 0.03309965878725052,
  "interval_score_t16": 0.035794686526060104,
  "interval_score_t17": 0.038670334964990616,
  "interval_score_t18": 0.04161492735147476,
  "interval_score_t19": 0.04460996389389038,
  "interval_score_t20": 0.047693975269794464,
  "interval_score_t21": 0.05085751786828041,
  "interval_score_t22": 0.054115429520606995,
  "interval_score_t23": 0.05747377127408981,
  "interval_score_t24": 0.06093336641788483,
  "interval_score_t25": 0.06447271257638931,
  "interval_score_t26": 0.0681227445602417,
  "interval_score_t27": 0.07185970991849899,
  "interval_score_t28": 0.0756467878818512,
  "interval_score_t29": 0.07950225472450256,
  "interval_score_t30": 0.0834660455584526,
  "interval_score_mean": 3.7498127669095993,
  "interval_score_min": 0.4298627842217684,
  "interval_score_max": 8.34660455584526,
  "interval_score_std": 2.421295829117298,
  "experiment_name": "Exp28: GRU-CQR + \u7b56\u75653-\u4e0d\u786e\u5b9a\u6027",
  "model_type": "gru_cqr",
  "loss_strategy": "uncertainty",
  "use_cqr": true,
  "train_time_seconds": 0.0,
  "num_parameters": 745924,
  "1s_mae": 0.16933103324845433,
  "1s_coverage": 0.9281965648854962,
  "1s_miw": 0.8046328090131283,
  "1s_interval_score": 1.1005032807588577,
  "2s_mae": 0.597255676984787,
  "2s_coverage": 0.8982188295165394,
  "2s_miw": 2.5160789489746094,
  "2s_interval_score": 3.4844331443309784,
  "3s_mae": 1.1809599585831165,
  "3s_coverage": 0.8892175572519084,
  "3s_miw": 4.809644445776939,
  "3s_interval_score": 6.664504855871201
}